DROP DATABASE IF EXISTS `ArtsAndCraps`;
CREATE DATABASE IF NOT EXISTS `ArtsAndCraps`;
Use `ArtsAndCraps`;

CREATE TABLE IF NOT EXISTS Arts (
    Name VARCHAR(45) NOT NULL PRIMARY KEY,
    Img LONGBLOB
);
CREATE TABLE IF NOT EXISTS Material(
   Name VARCHAR(45) NOT NULL,
   Material VARCHAR (200) NOT NULL,

  CONSTRAINT PK_Material PRIMARY KEY (Name,Material),
  FOREIGN KEY (Name) REFERENCES Arts(Name)
);

Create Table if not exists Instruction(
    Name VARCHAR(45) NOT NULL,
    Instruction VARCHAR (500) NOT NULL,
    StepNumber int NOT NULL,

    FOREIGN KEY (Name) REFERENCES Arts(Name),
    CONSTRAINT PK_Instructions PRIMARY KEY (Name,StepNumber)
);

CREATE TABLE IF NOT EXISTS Review(
    Name VARCHAR(45) NOT NULL,
    Rating int NOT NULL,
    FOREIGN KEY (Name) REFERENCES Arts(Name)
);


Use `ArtsAndCraps`;
INSERT INTO Arts (Name, Img) VALUES ("Name","0");
INSERT INTO Material(Name,Material) VALUES ("Name","Materials");
INSERT INTO Instruction(Name,Instruction,StepNumber) VALUES ("Name","Instructions","0");
INSERT INTO Arts (Name, Img) VALUES ("Sharpie Tie Dye","0");
INSERT INTO Material(Name,Material) VALUES ("Sharpie Tie Dye","Sharpie Markers in Blue, Red, And Yellow I recommend using a light blue! The dark blue doesn’t mix as well with other colors.");
INSERT INTO Material(Name,Material) VALUES ("Sharpie Tie Dye","  Plain White T-shirts or T- shirt fabric");
INSERT INTO Material(Name,Material) VALUES ("Sharpie Tie Dye","  Large Embroidery Hoop (10-Inch)");
INSERT INTO Material(Name,Material) VALUES ("Sharpie Tie Dye","  Eye Droppers ");
INSERT INTO Material(Name,Material) VALUES ("Sharpie Tie Dye","  Plate");
INSERT INTO Material(Name,Material) VALUES ("Sharpie Tie Dye","  Small Bowl");
INSERT INTO Material(Name,Material) VALUES ("Sharpie Tie Dye","  70% Isopropyl Rubbing Alcohol");
INSERT INTO Material(Name,Material) VALUES ("Sharpie Tie Dye","  Retayne (optional for making it colorfast)");
INSERT INTO Instruction(Name,Instruction,StepNumber) VALUES ("Sharpie Tie Dye","  Step One Use the embroidery hoop to tighten a section of fabric at the front of the shirt","0");
INSERT INTO Instruction(Name,Instruction,StepNumber) VALUES ("Sharpie Tie Dye","  Step Two Use your red, yellow, and blue Sharpies to draw all over the shirt. Add a good layer of color. For the best color mixing demonstration you can use bull’s-eye designs with alternating red, yellow, and blue circles.","1");
INSERT INTO Instruction(Name,Instruction,StepNumber) VALUES ("Sharpie Tie Dye","  Step Three When the design is complete, slip a plate inside the shirt under the embroidery hoop to catch any rubbing alcohol that may seep through.","2");
INSERT INTO Instruction(Name,Instruction,StepNumber) VALUES ("Sharpie Tie Dye","  Step Four Pour rubbing alcohol into a small bowl. Using an eye dropper begin dropping rubbing alcohol on the t-shirt. If you have bull’s-eye designs drop the alcohol in the center of each bull’s-eye. Within seconds you will see more colors appear! Green, orange and purple should be visible as the ink bleeds and mixes with the other colors.","3");
INSERT INTO Instruction(Name,Instruction,StepNumber) VALUES ("Sharpie Tie Dye","  Step Five Get that t-shirt really saturated! Alternatively use the rubbing alcohol in a controlled manner to bleed and blend only certain pArts of the shirt. Now let dry.","4");
INSERT INTO Instruction(Name,Instruction,StepNumber) VALUES ("Sharpie Tie Dye","  Step Six Once it’s dry remove the embroidery hoop and iron your shirt.","5");
INSERT INTO Arts (Name, Img) VALUES ("Color Theory Candy","0");
INSERT INTO Material(Name,Material) VALUES ("Color Theory Candy","Red, Blue, and Yellow Candy Melts");
INSERT INTO Material(Name,Material) VALUES ("Color Theory Candy","  Muffin Tin– for mixing only");
INSERT INTO Material(Name,Material) VALUES ("Color Theory Candy","  Craft Sticks");
INSERT INTO Material(Name,Material) VALUES ("Color Theory Candy","  Candy Mold- we used this one available at craft stores for a couple dollars.");
INSERT INTO Material(Name,Material) VALUES ("Color Theory Candy","  Spoons");
INSERT INTO Instruction(Name,Instruction,StepNumber) VALUES ("Color Theory Candy","  Step One Melt the candy following the directions on the bag. We melted ours in the microwave but if you don’t have a microwave you can melt them over a double boiler.","0");
INSERT INTO Instruction(Name,Instruction,StepNumber) VALUES ("Color Theory Candy","  Step Two Place the melted candy next to the muffin tin and candy molds. Ask your child to add a spoonful of two primary colors to one of the muffin cups and stir using a craft stick to create a secondary color.","1");
INSERT INTO Instruction(Name,Instruction,StepNumber) VALUES ("Color Theory Candy","  Step Three When your color is mixed use the craft stick to transfer some of the melted candy to the candy mold.","2");
INSERT INTO Instruction(Name,Instruction,StepNumber) VALUES ("Color Theory Candy","  Step Four Repeat to make different colors. Don’t forget to make a few candies from your unmixed primary colors!","3");
INSERT INTO Instruction(Name,Instruction,StepNumber) VALUES ("Color Theory Candy","  Step Five When the candy mold is filled, take a craft stick and scrape the excess candy off the top of the mold.","4");
INSERT INTO Instruction(Name,Instruction,StepNumber) VALUES ("Color Theory Candy","  Step Six Place in the refrigerator to cool. This should take about 15-30 minutes","5");
INSERT INTO Instruction(Name,Instruction,StepNumber) VALUES ("Color Theory Candy","  Step Seven Once cooled, pop them out and enjoy!","6");
INSERT INTO Arts (Name, Img) VALUES ("Stained Glass Pasta","0");
INSERT INTO Material(Name,Material) VALUES ("Stained Glass Pasta","  Flat Pasta Lasagne");
INSERT INTO Material(Name,Material) VALUES ("Stained Glass Pasta","  Liquid Watercolors or Food Coloring");
INSERT INTO Material(Name,Material) VALUES ("Stained Glass Pasta","  Rubbing Alcohol");
INSERT INTO Material(Name,Material) VALUES ("Stained Glass Pasta","  Ziploc Baggies");
INSERT INTO Material(Name,Material) VALUES ("Stained Glass Pasta","  Clear Contact Paper OR two sheets of stickyback paper per “window”");
INSERT INTO Material(Name,Material) VALUES ("Stained Glass Pasta","  Scissors");
INSERT INTO Material(Name,Material) VALUES ("Stained Glass Pasta","  Painter’s Tape");
INSERT INTO Material(Name,Material) VALUES ("Stained Glass Pasta","  Black Sharpies- This type of tip works best");
INSERT INTO Instruction(Name,Instruction,StepNumber) VALUES ("Stained Glass Pasta","  Step One Break your lasagna noodles into pieces. There should be a variety of sizes.","0");
INSERT INTO Instruction(Name,Instruction,StepNumber) VALUES ("Stained Glass Pasta","  Step Two Color your pasta according to the tutorial above.","1");
INSERT INTO Instruction(Name,Instruction,StepNumber) VALUES ("Stained Glass Pasta","  Step Three Cut out two matching sizes of clear contact paper, ours were roughly 10” x 10”.","2");
INSERT INTO Instruction(Name,Instruction,StepNumber) VALUES ("Stained Glass Pasta","  Step Four Remove the backing from one piece of contact paper and tape it your work surface using painter’s tae. The sticky side should be facing UP.","3");
INSERT INTO Instruction(Name,Instruction,StepNumber) VALUES ("Stained Glass Pasta","  Step Five Have your child place pieces of the colored lasagna on the contact paper. They can custom break pieces as necessary. Leave at least 1/4″ gaps between the pieces. You may want to show them some examples of stained glass to illustrate why.","4");
INSERT INTO Instruction(Name,Instruction,StepNumber) VALUES ("Stained Glass Pasta","  Step Six Remove the backing from the second piece of contact paper and gently place it on top of the finished layout. Gently burnish the gaps with your fingertips to seal.","5");
INSERT INTO Instruction(Name,Instruction,StepNumber) VALUES ("Stained Glass Pasta","  Step Seven Using a wide tip Sharpie, fill in the gap between the colored pieces with black for a stained glass effect.","6");
INSERT INTO Arts (Name, Img) VALUES ("Shibori Fabric","0");
INSERT INTO Material(Name,Material) VALUES ("Shibori Fabric","  Rit Indigo Shibori Tie Dye Kit");
INSERT INTO Material(Name,Material) VALUES ("Shibori Fabric","  (2) 9\" x 7\" rectangles of 100% cotton fabric");
INSERT INTO Material(Name,Material) VALUES ("Shibori Fabric","  (2) Pieces of 1/4 inch elastic cut to 6.5 inches");
INSERT INTO Material(Name,Material) VALUES ("Shibori Fabric","  Plastic Container");
INSERT INTO Material(Name,Material) VALUES ("Shibori Fabric","  Binder Clips");
INSERT INTO Material(Name,Material) VALUES ("Shibori Fabric","  Salt");
INSERT INTO Material(Name,Material) VALUES ("Shibori Fabric","  Measuring Cup");
INSERT INTO Material(Name,Material) VALUES ("Shibori Fabric","  Plastic Table Cover");
INSERT INTO Material(Name,Material) VALUES ("Shibori Fabric","  Paper Towels");
INSERT INTO Material(Name,Material) VALUES ("Shibori Fabric","  Sewing Machine/Thread");
INSERT INTO Material(Name,Material) VALUES ("Shibori Fabric","  Rit ColorStay Dye Fixative");
INSERT INTO Instruction(Name,Instruction,StepNumber) VALUES ("Shibori Fabric","","0");
INSERT INTO Instruction(Name,Instruction,StepNumber) VALUES ("Shibori Fabric","  Cover work area with plastic table cover and have paper towels handy to protect against any possible spills.","1");
INSERT INTO Instruction(Name,Instruction,StepNumber) VALUES ("Shibori Fabric","  Wet fabric.","2");
INSERT INTO Instruction(Name,Instruction,StepNumber) VALUES ("Shibori Fabric","  To create a traditional Itajime pattern, accordion fold or “fan fold\" the fabric in 4 1/2\" wide folds down the length of the fabric. This will form a long rectangle. For more pattern variations, vary the size and width of the folds.","3");
INSERT INTO Instruction(Name,Instruction,StepNumber) VALUES ("Shibori Fabric","  Accordion fold or “fan fold\" the long rectangle into a 4 1/2\" fabric square.","4");
INSERT INTO Instruction(Name,Instruction,StepNumber) VALUES ("Shibori Fabric","  Sandwich the fabric square between the 4\" blocks of wood.","5");
INSERT INTO Instruction(Name,Instruction,StepNumber) VALUES ("Shibori Fabric","  Secure “sandwich\" with rubber bands to tightly hold the fabric square together.","6");
INSERT INTO Instruction(Name,Instruction,StepNumber) VALUES ("Shibori Fabric","  Fill a plastic container with 1.5 gallons of very hot water. The water should ideally be 140ºF. If tap water is not hot enough, heat water on the stove and add to the dye bath.","7");
INSERT INTO Instruction(Name,Instruction,StepNumber) VALUES ("Shibori Fabric","  To enhance the color add one cup of salt. Add 1 teaspoon of dish detergent to help promote level dyeing. Stir well.","8");
INSERT INTO Instruction(Name,Instruction,StepNumber) VALUES ("Shibori Fabric","  Wearing rubber gloves, add 1/4 cup of well-shaken Indigo dye to dye bath.","9");
INSERT INTO Instruction(Name,Instruction,StepNumber) VALUES ("Shibori Fabric","  Add sandwiched fabric to dye bath. For a high contrast pattern, keep the sandwiched fabric in the dye bath for about 3 to 5 minutes to keep the wrapped part dye-free. For more color and less white areas, leave the wrapped fabric set in the dye bath for 10 to 20 minutes.","10");
INSERT INTO Instruction(Name,Instruction,StepNumber) VALUES ("Shibori Fabric","  When desired color is achieved, remove wrapped fabric from the dye bath. Do not remove wood blocks.","11");
INSERT INTO Instruction(Name,Instruction,StepNumber) VALUES ("Shibori Fabric","  We strongly recommend using Rit ColorStay Dye Fixative immediately after dyeing and before washing. It enhances the color, increases color retention and prevents dye from bleeding into white areas. Follow package instructions.","12");
INSERT INTO Instruction(Name,Instruction,StepNumber) VALUES ("Shibori Fabric","  Rinse in cool water until rinse water begins to run clear.","13");
INSERT INTO Instruction(Name,Instruction,StepNumber) VALUES ("Shibori Fabric","  Carefully remove wood blocks and rubber bands. Unfold the fabric.","14");
INSERT INTO Instruction(Name,Instruction,StepNumber) VALUES ("Shibori Fabric","  Wash in warm water with a mild detergent, rinse and dry.","15");
INSERT INTO Arts (Name, Img) VALUES ("Glow Marbling Rocks","0");
INSERT INTO Material(Name,Material) VALUES ("Glow Marbling Rocks","  Tulip Glow Dimensional Fabric Paint");
INSERT INTO Material(Name,Material) VALUES ("Glow Marbling Rocks","  Rocks");
INSERT INTO Material(Name,Material) VALUES ("Glow Marbling Rocks","  White acrylic paint");
INSERT INTO Material(Name,Material) VALUES ("Glow Marbling Rocks","  Aleene\'s Tacky Glue");
INSERT INTO Material(Name,Material) VALUES ("Glow Marbling Rocks","  Disposable cups");
INSERT INTO Material(Name,Material) VALUES ("Glow Marbling Rocks","  Cooling rack");
INSERT INTO Instruction(Name,Instruction,StepNumber) VALUES ("Glow Marbling Rocks","","0");
INSERT INTO Instruction(Name,Instruction,StepNumber) VALUES ("Glow Marbling Rocks","  Cover rocks with white acrylic paint and allow to dry.","1");
INSERT INTO Instruction(Name,Instruction,StepNumber) VALUES ("Glow Marbling Rocks","  In a cup, combine Tulip Glow Dimensional Fabric Paint with Aleene\'s Tacky Glue at a 2:1 ratio.","2");
INSERT INTO Instruction(Name,Instruction,StepNumber) VALUES ("Glow Marbling Rocks","  Add a small amount of water if the mixture is too thick.","3");
INSERT INTO Instruction(Name,Instruction,StepNumber) VALUES ("Glow Marbling Rocks","  Repeat with as many colors as you like. In a single cup, combine the desired colors one at a time.","4");
INSERT INTO Instruction(Name,Instruction,StepNumber) VALUES ("Glow Marbling Rocks","  Prepare a cooling rack and place the dried white rocks on top. Add a piece of watercolor paper below the rack to catch the paint drippings.","5");
INSERT INTO Instruction(Name,Instruction,StepNumber) VALUES ("Glow Marbling Rocks","  Pour the paint on top of the rock, adding multiple layers if desired.","6");
INSERT INTO Instruction(Name,Instruction,StepNumber) VALUES ("Glow Marbling Rocks","  Dry for 24 hours.","7");
INSERT INTO Arts (Name, Img) VALUES ("Red Heart Fishnet Jars","0");
INSERT INTO Material(Name,Material) VALUES ("Red Heart Fishnet Jars","RED HEART Scrubby");
INSERT INTO Material(Name,Material) VALUES ("Red Heart Fishnet Jars","Smoothie™: 1 ball 9205 Aqua or 9341 Grey");
INSERT INTO Material(Name,Material) VALUES ("Red Heart Fishnet Jars","Mason jar, ruler, scissors, superglue, paperclip (Fringe version only)");
INSERT INTO Material(Name,Material) VALUES ("Red Heart Fishnet Jars","GAUGE: Gauge is not critical for this project.");
INSERT INTO Material(Name,Material) VALUES ("Red Heart Fishnet Jars","JARS");
INSERT INTO Instruction(Name,Instruction,StepNumber) VALUES ("Red Heart Fishnet Jars","1. Measure the height of the jar. Cut 12 lengths of yarn 4 times the height of the jar.","0");
INSERT INTO Instruction(Name,Instruction,StepNumber) VALUES ("Red Heart Fishnet Jars","","1");
INSERT INTO Instruction(Name,Instruction,StepNumber) VALUES ("Red Heart Fishnet Jars","2. Cut 1 length of yarn twice the size of the jar mouth circumference.","2");
INSERT INTO Instruction(Name,Instruction,StepNumber) VALUES ("Red Heart Fishnet Jars","","3");
INSERT INTO Instruction(Name,Instruction,StepNumber) VALUES ("Red Heart Fishnet Jars","3. Fold the longer lengths in half. Tie each long length evenly across the shorter length, leaving space on both ends to tie to the mouth of the jar.","4");
INSERT INTO Instruction(Name,Instruction,StepNumber) VALUES ("Red Heart Fishnet Jars","","5");
INSERT INTO Instruction(Name,Instruction,StepNumber) VALUES ("Red Heart Fishnet Jars","4. Tie the shorter length around the jar mouth and knot securely.","6");
INSERT INTO Instruction(Name,Instruction,StepNumber) VALUES ("Red Heart Fishnet Jars","","7");
INSERT INTO Instruction(Name,Instruction,StepNumber) VALUES ("Red Heart Fishnet Jars","5. Starting on one end, tie and knot the long lengths in pairs 1\" (2.54 cm) below the jar mouth. You should have 6 knots total.","8");
INSERT INTO Instruction(Name,Instruction,StepNumber) VALUES ("Red Heart Fishnet Jars","","9");
INSERT INTO Instruction(Name,Instruction,StepNumber) VALUES ("Red Heart Fishnet Jars","6. Tie and knot the doubled long lengths in pairs 1\" (2.54 cm) below the last knots, this time tying lengths together to form diamonds all the way around the jar.","10");
INSERT INTO Instruction(Name,Instruction,StepNumber) VALUES ("Red Heart Fishnet Jars","","11");
INSERT INTO Instruction(Name,Instruction,StepNumber) VALUES ("Red Heart Fishnet Jars","7. Tie and knot the doubled long lengths in pairs 1\" (2.54 cm) below the last knots, this time tying the strands in pairs as you did in Step 5.","12");
INSERT INTO Instruction(Name,Instruction,StepNumber) VALUES ("Red Heart Fishnet Jars","","13");
INSERT INTO Instruction(Name,Instruction,StepNumber) VALUES ("Red Heart Fishnet Jars","8. Repeat steps 6-7, alternating which strands you knot, until you reach the bottom edge of the jar.","14");
INSERT INTO Instruction(Name,Instruction,StepNumber) VALUES ("Red Heart Fishnet Jars","","15");
INSERT INTO Instruction(Name,Instruction,StepNumber) VALUES ("Red Heart Fishnet Jars","FINISHING","16");
INSERT INTO Instruction(Name,Instruction,StepNumber) VALUES ("Red Heart Fishnet Jars","","17");
INSERT INTO Instruction(Name,Instruction,StepNumber) VALUES ("Red Heart Fishnet Jars","Superglue a yarn tail to the jar mouth, then wrap yarn around the jar several times. Cut and superglue yarn end to secure.","18");
INSERT INTO Instruction(Name,Instruction,StepNumber) VALUES ("Red Heart Fishnet Jars","","19");
INSERT INTO Instruction(Name,Instruction,StepNumber) VALUES ("Red Heart Fishnet Jars","Choose one of the following options:","20");
INSERT INTO Instruction(Name,Instruction,StepNumber) VALUES ("Red Heart Fishnet Jars","","21");
INSERT INTO Instruction(Name,Instruction,StepNumber) VALUES ("Red Heart Fishnet Jars","Option 1: Fringe","22");
INSERT INTO Instruction(Name,Instruction,StepNumber) VALUES ("Red Heart Fishnet Jars","","23");
INSERT INTO Instruction(Name,Instruction,StepNumber) VALUES ("Red Heart Fishnet Jars","When finished knotting around the jar, trim tails to about 1\" (2.5 cm). Use an unfolded paperclip to brush through the fringe ends, breaking apart the plies and making the fringe fluffier. Trim ends as needed.","24");
INSERT INTO Instruction(Name,Instruction,StepNumber) VALUES ("Red Heart Fishnet Jars","","25");
INSERT INTO Instruction(Name,Instruction,StepNumber) VALUES ("Red Heart Fishnet Jars","Option 2: Net","26");
INSERT INTO Instruction(Name,Instruction,StepNumber) VALUES ("Red Heart Fishnet Jars","","27");
INSERT INTO Instruction(Name,Instruction,StepNumber) VALUES ("Red Heart Fishnet Jars","Repeat steps 6-7 to work another round of knots as established. Flip jar upside down and pull all yarn to the center. Knot and superglue yarn ends to the bottom of the jar.","28");
INSERT INTO Arts (Name, Img) VALUES ("Resin Crystal Place Card Holder","0");
INSERT INTO Material(Name,Material) VALUES ("Resin Crystal Place Card Holder","  Color Pour Resin & Resin Hardener");
INSERT INTO Material(Name,Material) VALUES ("Resin Crystal Place Card Holder","  Color Pour Resin large crystal mold");
INSERT INTO Material(Name,Material) VALUES ("Resin Crystal Place Card Holder","  Color Pour Resin crushed glass clear");
INSERT INTO Material(Name,Material) VALUES ("Resin Crystal Place Card Holder","  Color Pour Resin holiday opaque dye");
INSERT INTO Material(Name,Material) VALUES ("Resin Crystal Place Card Holder","  Color Pour Resin holiday glitter");
INSERT INTO Material(Name,Material) VALUES ("Resin Crystal Place Card Holder","  Color Pour Resin supply kit");
INSERT INTO Material(Name,Material) VALUES ("Resin Crystal Place Card Holder","  Color Pour Resin heat gun");
INSERT INTO Material(Name,Material) VALUES ("Resin Crystal Place Card Holder","  Gold wire card holder (4-inch height)");
INSERT INTO Material(Name,Material) VALUES ("Resin Crystal Place Card Holder","  Paper place card");
INSERT INTO Material(Name,Material) VALUES ("Resin Crystal Place Card Holder","  Drill with 1/8\" drill bit");
INSERT INTO Instruction(Name,Instruction,StepNumber) VALUES ("Resin Crystal Place Card Holder","","0");
INSERT INTO Instruction(Name,Instruction,StepNumber) VALUES ("Resin Crystal Place Card Holder","  Wearing gloves from the Supply Kit, mix a small amount of equal pArts resin and hardener according to package instructions.","1");
INSERT INTO Instruction(Name,Instruction,StepNumber) VALUES ("Resin Crystal Place Card Holder","  Add clear crushed glass to the prepared resin and stir. Pour into the large crystal mold. Apply heat with the Heat Gun to disperse any bubbles. Allow to cure until hard.","2");
INSERT INTO Instruction(Name,Instruction,StepNumber) VALUES ("Resin Crystal Place Card Holder","","3");
INSERT INTO Instruction(Name,Instruction,StepNumber) VALUES ("Resin Crystal Place Card Holder","  Mix another small batch of equal pArts resin and hardener according to package instructions.","4");
INSERT INTO Instruction(Name,Instruction,StepNumber) VALUES ("Resin Crystal Place Card Holder","  Add a few drops of gold opaque dye and stir slowly to achieve the desired color. Pour into mold over the cured layer. Apply heat with the Heat Gun to disperse any bubbles. Allow to cure until hard.","5");
INSERT INTO Instruction(Name,Instruction,StepNumber) VALUES ("Resin Crystal Place Card Holder","","6");
INSERT INTO Instruction(Name,Instruction,StepNumber) VALUES ("Resin Crystal Place Card Holder","  Mix a 3rd small batch of equal pArts resin and hardener according to package instructions.","7");
INSERT INTO Instruction(Name,Instruction,StepNumber) VALUES ("Resin Crystal Place Card Holder","  Add a few drops of red opaque dye and red glitter. Stir slowly to achieve the desired color. Pour into mold over cured layers. Apply heat with the Heat Gun to disperse any bubbles. Allow to cure until hard.","8");
INSERT INTO Instruction(Name,Instruction,StepNumber) VALUES ("Resin Crystal Place Card Holder","","9");
INSERT INTO Instruction(Name,Instruction,StepNumber) VALUES ("Resin Crystal Place Card Holder","  Mix a 4th and final batch of equal pArts resin and hardener according to package instructions.","10");
INSERT INTO Instruction(Name,Instruction,StepNumber) VALUES ("Resin Crystal Place Card Holder","  Add gold glitter and stir slowly. Pour into mold to create the final layer - fill mold to the top. Apply heat with the Heat Gun to disperse any bubbles. Allow to cure until hard.","11");
INSERT INTO Instruction(Name,Instruction,StepNumber) VALUES ("Resin Crystal Place Card Holder","  Remove crystal from mold.","12");
INSERT INTO Instruction(Name,Instruction,StepNumber) VALUES ("Resin Crystal Place Card Holder","  Use a drill with an 1/8\" bit to drill a small hole into the top of the finished crystal. Insert the gold wire card holder into the drilled hole, securing with a drop of glue if needed.","13");
INSERT INTO Instruction(Name,Instruction,StepNumber) VALUES ("Resin Crystal Place Card Holder","","14");
INSERT INTO Instruction(Name,Instruction,StepNumber) VALUES ("Resin Crystal Place Card Holder","  Secure hand lettered placecard to wire.","15");
INSERT INTO Arts (Name, Img) VALUES ("Personalized Pencil Holder","0");
INSERT INTO Material(Name,Material) VALUES ("Personalized Pencil Holder","  Polaroid 3D PlaySmart Printer");
INSERT INTO Material(Name,Material) VALUES ("Personalized Pencil Holder","  Computer");
INSERT INTO Material(Name,Material) VALUES ("Personalized Pencil Holder","  Polaroid SmartPrep software");
INSERT INTO Material(Name,Material) VALUES ("Personalized Pencil Holder","  STL files (Can be downloaded from the Polaroid 3D model library via the Polaroid SmartPrep software)");
INSERT INTO Material(Name,Material) VALUES ("Personalized Pencil Holder","  SD Card or USB Stick");
INSERT INTO Material(Name,Material) VALUES ("Personalized Pencil Holder","  Glue");
INSERT INTO Instruction(Name,Instruction,StepNumber) VALUES ("Personalized Pencil Holder","","0");
INSERT INTO Instruction(Name,Instruction,StepNumber) VALUES ("Personalized Pencil Holder","  Open the Polaroid SmartPrep software, and select the \'Library\' button. This will take you to the Polaroid model library, where you can download the Pencil Holder Letters stl files that you need for your name.","1");
INSERT INTO Instruction(Name,Instruction,StepNumber) VALUES ("Personalized Pencil Holder","  Open the files into Polaroid SmartPrep separately by clicking \'Add Model\', then selecting the file you want to open. Ensure that the model is green, showing that it is printable. Make sure the model sits flat on the bed using the rotation buttons on the right-hand side, if necessary, and then select \'Place on Desktop\'.","2");
INSERT INTO Instruction(Name,Instruction,StepNumber) VALUES ("Personalized Pencil Holder","  Click on \'Print\' at the top of the screen. Ensure that next to \'Filament Material\', you have selected the correct filament that you are going to print in from the drop down, and the \'Print Quality\' setting set to Normal.","3");
INSERT INTO Instruction(Name,Instruction,StepNumber) VALUES ("Personalized Pencil Holder","  Select the \'Advanced Settings\' button, under Model Base ensure that \'Brim\' is selected from the drop down. Then select \'OK\'.","4");
INSERT INTO Instruction(Name,Instruction,StepNumber) VALUES ("Personalized Pencil Holder","  Click on the green \'Print\' button, and SmartPrep will then estimate the time that the model will take to print and give you an estimation of the amount of filament that will be needed, giving you the opportunity to confirm that you have enough on your cartridge before you begin.","5");
INSERT INTO Instruction(Name,Instruction,StepNumber) VALUES ("Personalized Pencil Holder","  Save the sliced model to your SD Card or USB.","6");
INSERT INTO Instruction(Name,Instruction,StepNumber) VALUES ("Personalized Pencil Holder","  Repeat these steps for the rest of the letters.","7");
INSERT INTO Instruction(Name,Instruction,StepNumber) VALUES ("Personalized Pencil Holder","  Load the filament into the printer. Place your filament cartridge on the Polaroid Precise Filament Holder & Scale, break off the end of the filament, as instructed in the User Guide for your Polaroid PlaySmart 3D printer, and insert it into the filament feeder until you can see 2cm of filament in the PTFE tube.","8");
INSERT INTO Instruction(Name,Instruction,StepNumber) VALUES ("Personalized Pencil Holder","  Select the \'Filament\' tab on the LCD screen, and then press \'Load\'. The printer will take a few minutes to heat up, and then will load your filament automatically. Carefully remove the excess filament from the nozzle once the filament has finished loading.","9");
INSERT INTO Instruction(Name,Instruction,StepNumber) VALUES ("Personalized Pencil Holder","  Make sure that your Polaroid PlaySmart 3D Printer is correctly calibrated and leveled. You can do this by going to the Settings menu and select \'Bed Leveling\', and follow the on screen instructions. Then perform the \'Bed Calibration\', and follow the on screen instructions for this also. (If you need further assistance with this, there are tutorial videos available on the Polaroid 3D YouTube channel).","10");
INSERT INTO Instruction(Name,Instruction,StepNumber) VALUES ("Personalized Pencil Holder","  Insert your SD Card or USB into the corresponding port below the LCD screen on the printer. Select \'New Print\' at the top of the LCD screen, select whether you are printing from USB or SD Card, and then select the file to print.","11");
INSERT INTO Instruction(Name,Instruction,StepNumber) VALUES ("Personalized Pencil Holder","  Press confirm and your model will start to print. You will see the estimated time to print in the top right-hand corner.","12");
INSERT INTO Instruction(Name,Instruction,StepNumber) VALUES ("Personalized Pencil Holder","  When your model has finished printing, allow the bed to cool down below 30 degrees, before removing your model from the print bed.","13");
INSERT INTO Instruction(Name,Instruction,StepNumber) VALUES ("Personalized Pencil Holder","  Repeat these steps for the rest of the letters.","14");
INSERT INTO Instruction(Name,Instruction,StepNumber) VALUES ("Personalized Pencil Holder","  Remove the brim from the models but pulling it off.","15");
INSERT INTO Instruction(Name,Instruction,StepNumber) VALUES ("Personalized Pencil Holder","  Assemble the letters in the correct order and glue them together at the base.","16");
INSERT INTO Arts (Name, Img) VALUES ("Boo Ghost Hoop","0");
INSERT INTO Material(Name,Material) VALUES ("Boo Ghost Hoop","  Tulip Slick Dimensional Fabric Paint: black, white");
INSERT INTO Material(Name,Material) VALUES ("Boo Ghost Hoop","  Embroidery hoop");
INSERT INTO Material(Name,Material) VALUES ("Boo Ghost Hoop","  Boo template");
INSERT INTO Material(Name,Material) VALUES ("Boo Ghost Hoop","  Black & white ghost fabric");
INSERT INTO Material(Name,Material) VALUES ("Boo Ghost Hoop","  Aleene\'s Fabric Fusion");
INSERT INTO Material(Name,Material) VALUES ("Boo Ghost Hoop","  Orange & white ribbon");
INSERT INTO Material(Name,Material) VALUES ("Boo Ghost Hoop","  Orange pom pom trim");
INSERT INTO Material(Name,Material) VALUES ("Boo Ghost Hoop","  Pencil or chalk");
INSERT INTO Material(Name,Material) VALUES ("Boo Ghost Hoop","  Scissors");
INSERT INTO Instruction(Name,Instruction,StepNumber) VALUES ("Boo Ghost Hoop","","0");
INSERT INTO Instruction(Name,Instruction,StepNumber) VALUES ("Boo Ghost Hoop","  Lay out the fabric making sure it is slightly larger than the hoop. Cut two pieces of ribbon that will be slightly longer than the width of the hoop.","1");
INSERT INTO Instruction(Name,Instruction,StepNumber) VALUES ("Boo Ghost Hoop","  Use Aleene\'s Fabric Fusion to glue the two pieces of ribbon across the fabric.","2");
INSERT INTO Instruction(Name,Instruction,StepNumber) VALUES ("Boo Ghost Hoop","  Place the fabric in the hoop and tighten.","3");
INSERT INTO Instruction(Name,Instruction,StepNumber) VALUES ("Boo Ghost Hoop","  Glue orange pom pom trim to outline the top and bottom of the ribbon.","4");
INSERT INTO Instruction(Name,Instruction,StepNumber) VALUES ("Boo Ghost Hoop","  Print out the Boo template and trim around the word. Turn the paper over and use the chalk or pencil to shade the back over the letters.","5");
INSERT INTO Instruction(Name,Instruction,StepNumber) VALUES ("Boo Ghost Hoop","  Flip the paper over and place it on the ribbon. Use the pencil to trace the word with slight pressure.","6");
INSERT INTO Instruction(Name,Instruction,StepNumber) VALUES ("Boo Ghost Hoop","  Remove the sheet of paper to reveal the light outline of the word.","7");
INSERT INTO Instruction(Name,Instruction,StepNumber) VALUES ("Boo Ghost Hoop","  Trace the outline with the Tulip Slick in black.","8");
INSERT INTO Instruction(Name,Instruction,StepNumber) VALUES ("Boo Ghost Hoop","  Use the Tulip Slick in white to trace the outlines of the ghosts on the fabric.","9");
INSERT INTO Instruction(Name,Instruction,StepNumber) VALUES ("Boo Ghost Hoop","  Let the hoop completely dry before displaying.","10");
INSERT INTO Arts (Name, Img) VALUES ("Defying Gravity Science Experiment","0");
INSERT INTO Material(Name,Material) VALUES ("Defying Gravity Science Experiment","  Polaroid 3D PlaySmart Printer");
INSERT INTO Material(Name,Material) VALUES ("Defying Gravity Science Experiment","  Computer");
INSERT INTO Material(Name,Material) VALUES ("Defying Gravity Science Experiment","  Polaroid SmartPrep software");
INSERT INTO Material(Name,Material) VALUES ("Defying Gravity Science Experiment","  STL files (Can be downloaded from the Polaroid 3D model library via the Polaroid SmartPrep software)");
INSERT INTO Material(Name,Material) VALUES ("Defying Gravity Science Experiment","  SD Card or USB Stick");
INSERT INTO Material(Name,Material) VALUES ("Defying Gravity Science Experiment","  Glue");
INSERT INTO Instruction(Name,Instruction,StepNumber) VALUES ("Defying Gravity Science Experiment","","0");
INSERT INTO Instruction(Name,Instruction,StepNumber) VALUES ("Defying Gravity Science Experiment","  Open the Polaroid SmartPrep software, and select the \'Library\' button. This will take you to the Polaroid model library, where you can download the Defying Gravity Science Experiment stl files. (You can also find these files via the Polaroid PlaySmart app where you can send them to print directly from your mobile device.)","1");
INSERT INTO Instruction(Name,Instruction,StepNumber) VALUES ("Defying Gravity Science Experiment","  Open the file into Polaroid SmartPrep by clicking \'Add Model\', then selecting the file you want to open. Ensure that the model is green, showing that it is printable. Make sure the model sits flat on the bed using the rotation buttons on the right-hand side, if necessary, and then select \'Place on Desktop\'.","2");
INSERT INTO Instruction(Name,Instruction,StepNumber) VALUES ("Defying Gravity Science Experiment","  Click on \'Print\' at the top of the screen. Ensure that next to \'Filament Material\', you have selected the correct filament that you are going to print in from the drop down, and the \'Print Quality\' setting set to Normal.","3");
INSERT INTO Instruction(Name,Instruction,StepNumber) VALUES ("Defying Gravity Science Experiment","  Select the \'Advanced Settings\' button, under Model Base ensure that \'Brim\' is selected from the drop down. Then select \'OK\'.","4");
INSERT INTO Instruction(Name,Instruction,StepNumber) VALUES ("Defying Gravity Science Experiment","  Click on the green \'Print\' button, and SmartPrep will then estimate the time that the model will take to print and give you an estimation of the amount of filament that will be needed, giving you the opportunity to confirm that you have enough on your cartridge before you begin.","5");
INSERT INTO Instruction(Name,Instruction,StepNumber) VALUES ("Defying Gravity Science Experiment","  Save the sliced model to your SD Card or USB.","6");
INSERT INTO Instruction(Name,Instruction,StepNumber) VALUES ("Defying Gravity Science Experiment","  Repeat these steps for all pArts of the Defying Gravity Science Experiment Model.","7");
INSERT INTO Instruction(Name,Instruction,StepNumber) VALUES ("Defying Gravity Science Experiment","  Load the filament into the printer. Place your filament cartridge on the Polaroid Precise Filament Holder & Scale, break off the end of the filament, as instructed in the User Guide for your Polaroid PlaySmart 3D printer, and insert it into the filament feeder until you can see 2cm of filament in the PTFE tube.","8");
INSERT INTO Instruction(Name,Instruction,StepNumber) VALUES ("Defying Gravity Science Experiment","  Select the \'Filament\' tab on the LCD screen, and then press \'Load\'. The printer will take a few minutes to heat up, and then will load your filament automatically. Carefully remove the excess filament from the nozzle once the filament has finished loading.","9");
INSERT INTO Instruction(Name,Instruction,StepNumber) VALUES ("Defying Gravity Science Experiment","  Make sure that your Polaroid PlaySmart 3D Printer is correctly calibrated and leveled. You can do this by going to the Settings menu and select \'Bed Leveling\', and follow the on screen instructions. Then perform the \'Bed Calibration\', and follow the on screen instructions for this also. (If you need further assistance with this, there are tutorial videos available on the Polaroid 3D YouTube channel).","10");
INSERT INTO Instruction(Name,Instruction,StepNumber) VALUES ("Defying Gravity Science Experiment","  Insert your SD Card or USB into the corresponding port below the LCD screen on the printer. Select \'New Print\' at the top of the LCD screen, select whether you are printing from USB or SD Card, and then select the file to print.","11");
INSERT INTO Instruction(Name,Instruction,StepNumber) VALUES ("Defying Gravity Science Experiment","  Press confirm and your model will start to print. You will see the estimated time to print in the top right-hand corner.","12");
INSERT INTO Instruction(Name,Instruction,StepNumber) VALUES ("Defying Gravity Science Experiment","  When your model has finished printing, allow the bed to cool down below 30 degrees, before removing your model from the print bed.","13");
INSERT INTO Instruction(Name,Instruction,StepNumber) VALUES ("Defying Gravity Science Experiment","  Remove the brim from the model but pulling it off.","14");
INSERT INTO Instruction(Name,Instruction,StepNumber) VALUES ("Defying Gravity Science Experiment","  Repeat these printing steps for all pArts of the Defying Gravity Science Experiment.","15");
INSERT INTO Instruction(Name,Instruction,StepNumber) VALUES ("Defying Gravity Science Experiment","  Now it\'s time to put your science experiment together &-; what can you balance?","16");
INSERT INTO Arts (Name, Img) VALUES ("Slime","0");
INSERT INTO Material(Name,Material) VALUES ("Slime","bowls ");
INSERT INTO Material(Name,Material) VALUES ("Slime","¼ cup of white school glue. ");
INSERT INTO Material(Name,Material) VALUES ("Slime","½ tbs Borax the consistency you want.");
INSERT INTO Material(Name,Material) VALUES ("Slime","1 cup of water");
INSERT INTO Material(Name,Material) VALUES ("Slime","food coloring (Optional)");
INSERT INTO Material(Name,Material) VALUES ("Slime","re-sealable plastic bag ");
INSERT INTO Instruction(Name,Instruction,StepNumber) VALUES ("Slime","In one of the bowls, mix ¼ cup of water and ¼ cup of white school glue. If you would like colored slime, add a few drops of food coloring to the solution.","0");
INSERT INTO Instruction(Name,Instruction,StepNumber) VALUES ("Slime","","1");
INSERT INTO Instruction(Name,Instruction,StepNumber) VALUES ("Slime","In another bowl, mix ½ tbs Borax with ½ a cup of water and stir until the borax has dissolved.","2");
INSERT INTO Instruction(Name,Instruction,StepNumber) VALUES ("Slime","","3");
INSERT INTO Instruction(Name,Instruction,StepNumber) VALUES ("Slime","Add the borax solution to the glue solution and mix. You can also pour the solutions into a re-sealable plastic bag and mix.","4");
INSERT INTO Instruction(Name,Instruction,StepNumber) VALUES ("Slime","","5");
INSERT INTO Instruction(Name,Instruction,StepNumber) VALUES ("Slime","A slime-like texture should begin to form immediately. Continue to stir and knead until you get the consistency you want.","6");
INSERT INTO Instruction(Name,Instruction,StepNumber) VALUES ("Slime","","7");
INSERT INTO Instruction(Name,Instruction,StepNumber) VALUES ("Slime","Remove your slime from the bowl (or bag) and enjoy.","8");
INSERT INTO Arts (Name, Img) VALUES ("Lava Lamp","0");
INSERT INTO Material(Name,Material) VALUES ("Lava Lamp","A wide bottle (or a fancy drinking glass or wide glass vase), food coloring, vegetable oil, water, and an Alka-seltzer tablet.");
INSERT INTO Instruction(Name,Instruction,StepNumber) VALUES ("Lava Lamp","Step 1: The Oil","0");
INSERT INTO Instruction(Name,Instruction,StepNumber) VALUES ("Lava Lamp","","1");
INSERT INTO Instruction(Name,Instruction,StepNumber) VALUES ("Lava Lamp","Fill the container about 3/4 with vegetable oil. You can choose the size of the container based on how much vegetable oil you have to spare.","2");
INSERT INTO Instruction(Name,Instruction,StepNumber) VALUES ("Lava Lamp","","3");
INSERT INTO Instruction(Name,Instruction,StepNumber) VALUES ("Lava Lamp","Step 2: The Water","4");
INSERT INTO Instruction(Name,Instruction,StepNumber) VALUES ("Lava Lamp","","5");
INSERT INTO Instruction(Name,Instruction,StepNumber) VALUES ("Lava Lamp","Fill the rest of the container with water, leaving 2-3 inches at the top. Watch the water fall through the vegetable oil and settle at the bottom. Can you believe that water is more dense than oil? Water molecules are \"polar\" and oil molecules are \"non-polar\", so they are not attracted to each other in the least. ","6");
INSERT INTO Instruction(Name,Instruction,StepNumber) VALUES ("Lava Lamp","","7");
INSERT INTO Instruction(Name,Instruction,StepNumber) VALUES ("Lava Lamp","Step 3: The Color","8");
INSERT INTO Instruction(Name,Instruction,StepNumber) VALUES ("Lava Lamp","","9");
INSERT INTO Instruction(Name,Instruction,StepNumber) VALUES ("Lava Lamp","What color would you like the \"lava\" in your lava lamp to be? After the water has settled for a minute or so, add you food coloring. We added about 10 drops. Watch as each drop falls through the oil and sits on top of the water layer. Wait until all of the water droplets break through the oil/water line and burst into the water. ","10");
INSERT INTO Instruction(Name,Instruction,StepNumber) VALUES ("Lava Lamp","","11");
INSERT INTO Instruction(Name,Instruction,StepNumber) VALUES ("Lava Lamp","Step 4: The Bubbles","12");
INSERT INTO Instruction(Name,Instruction,StepNumber) VALUES ("Lava Lamp","","13");
INSERT INTO Instruction(Name,Instruction,StepNumber) VALUES ("Lava Lamp","Drop your Alka-seltzer tablet in and let the games begin! The Alka-seltzer water reaction produces carbon dioxide gas bubbles which stick to the water droplets. The water/gas combo is less dense than the vegetable oil, so they rise to the top. The gas bubbles then break and are released into the air and the water sinks back down to the bottom to start over again! ","14");
INSERT INTO Arts (Name, Img) VALUES ("Levitating Orb","0");
INSERT INTO Material(Name,Material) VALUES ("Levitating Orb","  1 inch (2.5 cm) wide PVC Pipe about 24 inches (60cm) long. You can also use a regular balloon if you do not have PVC pipe.");
INSERT INTO Material(Name,Material) VALUES ("Levitating Orb","  Mylar tinsel for Christmas trees. There are many types of tinsel and many will not work – you should look for the thinnest and narrowest possible. ");
INSERT INTO Material(Name,Material) VALUES ("Levitating Orb","  A head of clean, dry hair");
INSERT INTO Material(Name,Material) VALUES ("Levitating Orb","  Scissors");
INSERT INTO Instruction(Name,Instruction,StepNumber) VALUES ("Levitating Orb","","0");
INSERT INTO Instruction(Name,Instruction,StepNumber) VALUES ("Levitating Orb","  Arrange 6 strands of mylar together and tie them together in a knot at one end.","1");
INSERT INTO Instruction(Name,Instruction,StepNumber) VALUES ("Levitating Orb","  Tie them together again about 6 inches (15cm) from the first knot.","2");
INSERT INTO Instruction(Name,Instruction,StepNumber) VALUES ("Levitating Orb","  Cut the loose mylar strands off just past each knot.","3");
INSERT INTO Instruction(Name,Instruction,StepNumber) VALUES ("Levitating Orb","  Charge the PVC pipe by rubbing it back and forth through your hair for 10 seconds.","4");
INSERT INTO Instruction(Name,Instruction,StepNumber) VALUES ("Levitating Orb","  Hold the mylar orb (by the knot) above the charged pipe and let it drop and touch the pipe.","5");
INSERT INTO Instruction(Name,Instruction,StepNumber) VALUES ("Levitating Orb","  It should repel away and start floating. If the tinsel keeps sticking to the pipe, the tinsel is probably not thin enough and you will need to try another kind of tinsel or order some from us. (You will usually have to “recharge” the pipe before each levitation.)","6");
INSERT INTO Arts (Name, Img) VALUES ("Wind Car Experiment","0");
INSERT INTO Material(Name,Material) VALUES ("Wind Car Experiment","  Polaroid 3D PlaySmart Printer");
INSERT INTO Material(Name,Material) VALUES ("Wind Car Experiment","  Computer");
INSERT INTO Material(Name,Material) VALUES ("Wind Car Experiment","  Polaroid SmartPrep software");
INSERT INTO Material(Name,Material) VALUES ("Wind Car Experiment","  STL files (Can be downloaded from the Polaroid 3D model library via the Polaroid SmartPrep software)");
INSERT INTO Material(Name,Material) VALUES ("Wind Car Experiment","  SD Card or USB Stick");
INSERT INTO Material(Name,Material) VALUES ("Wind Car Experiment","  Glue");
INSERT INTO Material(Name,Material) VALUES ("Wind Car Experiment","  Rubber bands");
INSERT INTO Instruction(Name,Instruction,StepNumber) VALUES ("Wind Car Experiment","","0");
INSERT INTO Instruction(Name,Instruction,StepNumber) VALUES ("Wind Car Experiment","  Open the Polaroid SmartPrep software, and select the \'Library\' button. This will take you to the Polaroid model library, where you can download the Wind Car Experiment stl files. (You can also find these files via the Polaroid PlaySmart app where you can send them to print directly from your mobile device.)","1");
INSERT INTO Instruction(Name,Instruction,StepNumber) VALUES ("Wind Car Experiment","  Open the file into Polaroid SmartPrep by clicking \'Add Model\', then selecting the file you want to open. Ensure that the model is green, showing that it is printable. Make sure the model sits flat on the bed using the rotation buttons on the right-hand side, if necessary, and then select \'Place on Desktop\'.","2");
INSERT INTO Instruction(Name,Instruction,StepNumber) VALUES ("Wind Car Experiment","  Click on \'Print\' at the top of the screen. Ensure that next to \'Filament Material\', you have selected the correct filament that you are going to print in from the drop down, and the \'Print Quality\' setting set to Normal.","3");
INSERT INTO Instruction(Name,Instruction,StepNumber) VALUES ("Wind Car Experiment","  Select the \'Advanced Settings\' button, under Model Base ensure that \'Brim\' is selected from the drop down. Then select \'OK\'.","4");
INSERT INTO Instruction(Name,Instruction,StepNumber) VALUES ("Wind Car Experiment","  Click on the green \'Print\' button, and SmartPrep will then estimate the time that the model will take to print and give you an estimation of the amount of filament that will be needed, giving you the opportunity to confirm that you have enough on your cartridge before you begin.","5");
INSERT INTO Instruction(Name,Instruction,StepNumber) VALUES ("Wind Car Experiment","  Save the sliced model to your SD Card or USB.","6");
INSERT INTO Instruction(Name,Instruction,StepNumber) VALUES ("Wind Car Experiment","  Repeat these steps for all pArts of the Wind Car Experiment Model.","7");
INSERT INTO Instruction(Name,Instruction,StepNumber) VALUES ("Wind Car Experiment","  Load the filament into the printer. Place your filament cartridge on the Polaroid Precise Filament Holder & Scale, break off the end of the filament, as instructed in the User Guide for your Polaroid PlaySmart 3D printer, and insert it into the filament feeder until you can see 2cm of filament in the PTFE tube.","8");
INSERT INTO Instruction(Name,Instruction,StepNumber) VALUES ("Wind Car Experiment","  Select the \'Filament\' tab on the LCD screen, and then press \'Load\'. The printer will take a few minutes to heat up, and then will load your filament automatically. Carefully remove the excess filament from the nozzle once the filament has finished loading.","9");
INSERT INTO Instruction(Name,Instruction,StepNumber) VALUES ("Wind Car Experiment","  Make sure that your Polaroid PlaySmart 3D Printer is correctly calibrated and leveled. You can do this by going to the Settings menu and select \'Bed Leveling\', and follow the on screen instructions. Then perform the \'Bed Calibration\', and follow the on screen instructions for this also. (If you need further assistance with this, there are tutorial videos available on the Polaroid 3D YouTube channel).","10");
INSERT INTO Instruction(Name,Instruction,StepNumber) VALUES ("Wind Car Experiment","  Insert your SD Card or USB into the corresponding port below the LCD screen on the printer. Select \'New Print\' at the top of the LCD screen, select whether you are printing from USB or SD Card, and then select the file to print.","11");
INSERT INTO Instruction(Name,Instruction,StepNumber) VALUES ("Wind Car Experiment","  Press confirm and your model will start to print. You will see the estimated time to print in the top right-hand corner.","12");
INSERT INTO Instruction(Name,Instruction,StepNumber) VALUES ("Wind Car Experiment","  When your model has finished printing, allow the bed to cool down below 30 degrees, before removing your model from the print bed.","13");
INSERT INTO Instruction(Name,Instruction,StepNumber) VALUES ("Wind Car Experiment","  Remove the brim from the model but pulling it off.","14");
INSERT INTO Instruction(Name,Instruction,StepNumber) VALUES ("Wind Car Experiment","  Repeat these printing steps for all pArts of the Wind Car Experiment.","15");
INSERT INTO Instruction(Name,Instruction,StepNumber) VALUES ("Wind Car Experiment","  Assemble the car together using the below instructions.","16");
INSERT INTO Instruction(Name,Instruction,StepNumber) VALUES ("Wind Car Experiment","  Choose your propellers and use a fan to make the car move.","17");
INSERT INTO Arts (Name, Img) VALUES ("Rip Stop Pouch","0");
INSERT INTO Material(Name,Material) VALUES ("Rip Stop Pouch","  1/4 yd sturdy vinyl material");
INSERT INTO Material(Name,Material) VALUES ("Rip Stop Pouch","  9\" Zipper");
INSERT INTO Material(Name,Material) VALUES ("Rip Stop Pouch","  Basic sewing supplies");
INSERT INTO Material(Name,Material) VALUES ("Rip Stop Pouch","  Sewing machine with zipper foot");
INSERT INTO Material(Name,Material) VALUES ("Rip Stop Pouch","  Wonder clips or binder clips (for \"pinning\")");
INSERT INTO Instruction(Name,Instruction,StepNumber) VALUES ("Rip Stop Pouch","","0");
INSERT INTO Instruction(Name,Instruction,StepNumber) VALUES ("Rip Stop Pouch","  Cut two 10 1/2\"x 7\" rectangles out of vinyl material (1/2\" seam allowance is included).","1");
INSERT INTO Instruction(Name,Instruction,StepNumber) VALUES ("Rip Stop Pouch","  Baste 10 1/2\" edges to zipper tape RST (edge of vinyl to edge of zipper tape). Sew 1/4\" away from the edges.","2");
INSERT INTO Instruction(Name,Instruction,StepNumber) VALUES ("Rip Stop Pouch","  Fold Vinyl away from zipper and topstitch next to fold, closer to zipper teeth.","3");
INSERT INTO Instruction(Name,Instruction,StepNumber) VALUES ("Rip Stop Pouch","  Move the zipper head away from the stitching area as you sew to get closer to the zipper teeth (a zipper foot is essential here). Be sure to the open zipper before the next steps.","4");
INSERT INTO Instruction(Name,Instruction,StepNumber) VALUES ("Rip Stop Pouch","  Sew 7\" sides, then bottom of tote RST. Turn piece right side out and finger press.","5");
INSERT INTO Arts (Name, Img) VALUES ("Egg Carton Wall Hanging","0");
INSERT INTO Material(Name,Material) VALUES ("Egg Carton Wall Hanging","  Egg Cartons");
INSERT INTO Material(Name,Material) VALUES ("Egg Carton Wall Hanging","  Paint");
INSERT INTO Material(Name,Material) VALUES ("Egg Carton Wall Hanging","  Scissors");
INSERT INTO Material(Name,Material) VALUES ("Egg Carton Wall Hanging","String");
INSERT INTO Instruction(Name,Instruction,StepNumber) VALUES ("Egg Carton Wall Hanging","Just cut apart, paint, string them up, and make a cool wall hanging or garland. They really look amazing! This is a great rainy day project for kids who can use their artwork to decorate their rooms. ","0");
INSERT INTO Arts (Name, Img) VALUES ("Hot Glue Vase","0");
INSERT INTO Material(Name,Material) VALUES ("Hot Glue Vase","  Glass vase");
INSERT INTO Material(Name,Material) VALUES ("Hot Glue Vase","  Hot glue gun / glue");
INSERT INTO Material(Name,Material) VALUES ("Hot Glue Vase","  Paper / pencil");
INSERT INTO Material(Name,Material) VALUES ("Hot Glue Vase","  Scotch tape (optional for design layout, if free handing you do not need this)");
INSERT INTO Material(Name,Material) VALUES ("Hot Glue Vase","  Spray paint (for glass surfaces)");
INSERT INTO Instruction(Name,Instruction,StepNumber) VALUES ("Hot Glue Vase","","0");
INSERT INTO Instruction(Name,Instruction,StepNumber) VALUES ("Hot Glue Vase","  Layout your design beforehand or freehand it. If freehanding, skip to step 2. To make a template, wrap a piece of paper around the vase to mark the height and circumference. Once you have that marked, draw out your design with a pencil, then roll your paper design right side out and place inside the vase. Secure in place with tape.","1");
INSERT INTO Instruction(Name,Instruction,StepNumber) VALUES ("Hot Glue Vase","  Using a hot glue gun, draw your design on the outside of the vase. Try to make strokes as even as possible. Experiment with layout and composition to add interest.","2");
INSERT INTO Instruction(Name,Instruction,StepNumber) VALUES ("Hot Glue Vase","  Once you have completed the design with hot glue, take your vase to a well ventilated area and spray with spray paint.","3");
INSERT INTO Instruction(Name,Instruction,StepNumber) VALUES ("Hot Glue Vase","  Allow to dry and apply additional coats as needed.","4");
INSERT INTO Instruction(Name,Instruction,StepNumber) VALUES ("Hot Glue Vase","","5");

Use `ArtsAndCraps`;
UPDATE Arts SET img = LOAD_FILE('./craftsdb/Red\ Heart\ Fishnet\ Jar.jpg') WHERE Name='Red Heart Fishnet Jar';
UPDATE Arts SET img = LOAD_FILE('./craftsdb/Wind\ Car\ Experiment.jpg') WHERE Name='Wind Car Experiment';
UPDATE Arts SET img = LOAD_FILE('./craftsdb/Resin\ Crystal\ Place\ Card\ Holder.jpg') WHERE Name='Resin Crystal Place Card Holder';
UPDATE Arts SET img = LOAD_FILE('./craftsdb/Color\ Theory\ Candy.jpg') WHERE Name='Color Theory Candy';
UPDATE Arts SET img = LOAD_FILE('./craftsdb/Boo\ Ghost\ Hoop.jpg') WHERE Name='Boo Ghost Hoop';
UPDATE Arts SET img = LOAD_FILE('./craftsdb/Hot\ glue\ vase.jpg') WHERE Name='Hot glue vase';
UPDATE Arts SET img = LOAD_FILE('./craftsdb/Slime.jpg') WHERE Name='Slime';
UPDATE Arts SET img = LOAD_FILE('./craftsdb/Rip\ Stop\ Pouch.jpg') WHERE Name='Rip Stop Pouch';
UPDATE Arts SET img = LOAD_FILE('./craftsdb/glow\ marbling\ rocks.jpg') WHERE Name='glow marbling rocks';
UPDATE Arts SET img = LOAD_FILE('./craftsdb/Arts.csv') WHERE Name='Arts.csv';
UPDATE Arts SET img = LOAD_FILE('./craftsdb/Lava\ lamp.jpg') WHERE Name='Lava lamp';
UPDATE Arts SET img = LOAD_FILE('./craftsdb/Defying\ Gravity\ Science\ Experiment.jpg') WHERE Name='Defying Gravity Science Experiment';
UPDATE Arts SET img = LOAD_FILE('./craftsdb/Egg\ Carton\ Wall\ Hanging.jpg') WHERE Name='Egg Carton Wall Hanging';
UPDATE Arts SET img = LOAD_FILE('./craftsdb/sharpie\ tie\ dye.jpg') WHERE Name='sharpie tie dye';
UPDATE Arts SET img = LOAD_FILE('./craftsdb/Stained\ Glass\ Pasta.jpg') WHERE Name='Stained Glass Pasta';
UPDATE Arts SET img = LOAD_FILE('./craftsdb/Personalized\ pencil\ holder.webp') WHERE Name='Personalized pencil holder';
UPDATE Arts SET img = LOAD_FILE('./craftsdb/Levitating\ Orb.png') WHERE Name='Levitating Orb';
UPDATE Arts SET img = LOAD_FILE('./craftsdb/shibori\ Face\ mask.webp') WHERE Name='shibori Face mask';
